workload,policy,sim_ticks,insts_not_nop,l1d_demand_accesses,l1d_demand_misses,l1d_demand_mshr_misses,l1d_hardpf_mshr_misses,l1d_hardpf_mshr_primary,l1d_hardpf_mshr_companion,l1d_replacements,l1d_writebacks,l1d_blocked_no_mshrs,l2_demand_accesses,l2_demand_misses,l2_demand_mshr_misses,l2_overall_mshr_misses,l2_hardpf_mshr_misses,l2_replacements,l2_writebacks,membus_pkt_count_total,membus_pkt_size_total,dram_read_reqs,dram_write_reqs,dram_read_bursts,dram_write_bursts,dram_num_rd_retry,dram_num_wr_retry,dram_max_avg_rd_q_len,dram_max_avg_wr_q_len,pfIssued,pfUseful,pointerLikeCandidates,learnedProofs,allowedCandidates,blockedNoProvenance,fillPrefetchTranslated,fillPrefetchTranslatedIssued,fillPrefetchTranslationFault,fillPrefetchTranslationUnavailable,fillPrefetchDroppedCrossPage,targetLineWitnessHits,targetLineWitnessMisses,targetLineWitnessEvictions,carriedProvenanceTerminalStops,carriedProvenanceHits,carriedProvenanceMisses,boundaryAuthorityEntriesDropped,boundaryPrefetchesDropped,sim_ticks_delta_vs_none_pct,l1d_demand_misses_delta_vs_none_pct,l1d_demand_mshr_misses_delta_vs_none_pct,l1d_hardpf_mshr_misses_delta_vs_none_pct,l1d_replacements_delta_vs_none_pct,l2_demand_misses_delta_vs_none_pct,l2_replacements_delta_vs_none_pct,membus_pkt_size_total_delta_vs_none_pct,dram_read_reqs_delta_vs_none_pct,dram_write_reqs_delta_vs_none_pct,spp_reference_present,sim_ticks_delta_vs_spp_pct,l1d_hardpf_mshr_misses_delta_vs_spp_pct,membus_pkt_size_total_delta_vs_spp_pct,l2_replacements_delta_vs_spp_pct,l1d_hardpf_companion_share_pct
sqlite_medium,none,52394114439,63163423,27380960,563217,563205,0,0,0,564133,362735,0,3769292,112327,112327,112327,0,125779,46723,365911,10056566,110389,46723,110389,46723,0,0,1.000,56.650,0,0,0,0,0,0,0,0,0,0,0,0,0,0,0,0,0,0,0,0.000,0.000,0.000,,0.000,0.000,0.000,0.000,0.000,0.000,yes,3.760,-100.000,-26.163,-23.112,0.00
sqlite_medium,naive,52388923635,63163222,27380890,560830,559285,32952,0,0,593173,382268,0,3798308,112781,112781,112781,0,126265,46802,367317,10091126,110850,46802,110850,46802,0,0,1.000,56.820,42507,12243,58835,2038,58835,0,31576,31576,0,16326,16326,31576,16326,0,0,0,0,0,0,-0.010,-0.424,-0.696,,5.148,0.404,0.386,0.344,0.418,0.169,yes,3.749,-93.839,-25.909,-22.815,0.00
sqlite_medium,copper_clpd64k_peb,52394046840,63163364,27380935,560745,559338,30041,0,0,590311,380892,0,3795394,112655,112655,112655,0,126135,46771,366930,10080822,110720,46771,110720,46771,0,0,1.000,56.880,46041,11605,72328,1235,47252,25076,29459,29459,0,1211,1211,29459,1211,0,104325,133911,0,19725,0,-0.000,-0.439,-0.687,,4.640,0.292,0.283,0.241,0.300,0.103,yes,3.759,-94.383,-25.985,-22.895,0.00
sqlite_medium,spp,50495726727,63156836,27377946,425168,394971,534810,0,0,929104,526027,0,4153899,164533,164533,164533,0,163588,50078,493931,13619894,162711,50078,162711,50078,0,0,1.140,56.630,1177907,239401,0,0,0,0,0,0,0,0,0,0,0,0,0,0,0,0,0,-3.623,-24.511,-29.871,,64.696,46.477,30.060,35.433,47.398,7.181,yes,0.000,0.000,0.000,0.000,0.00
sqlite_medium,spp_copper_slack,50499202248,63156820,27377941,425977,394660,554466,533513,20953,948455,540920,0,4173105,164506,164506,164506,0,163532,50107,493857,13619830,162681,50107,162681,50107,0,0,1.140,56.800,1214598,245244,115335,720,42823,72512,25019,25019,0,1778,1778,25019,1778,0,108593,144677,0,10458,0,-3.617,-24.367,-29.926,,68.126,46.453,30.015,35.432,47.371,7.243,yes,0.007,3.675,-0.000,-0.034,3.78
sqlite_stress,none,104853074301,124795314,54242119,1120412,1120400,0,0,0,1121438,703818,0,7488432,220145,220145,220145,0,245456,89438,709935,19685882,218132,89438,218132,89438,0,0,1.000,56.770,0,0,0,0,0,0,0,0,0,0,0,0,0,0,0,0,0,0,0,0.000,0.000,0.000,,0.000,0.000,0.000,0.000,0.000,0.000,yes,2.656,-100.000,-41.526,-42.015,0.00
sqlite_stress,naive,104845717998,124795306,54242124,1119261,1114193,82619,0,0,1197856,748745,0,7564734,222290,222290,222290,0,247602,89656,716441,19837370,220281,89656,220281,89656,0,0,1.000,57.190,102184,25143,145412,4202,145412,0,75974,75974,0,43226,43226,75974,43226,12319,0,0,0,0,0,-0.007,-0.103,-0.554,,6.814,0.974,0.874,0.770,0.985,0.244,yes,2.649,-92.480,-41.076,-41.508,0.00
sqlite_stress,copper_clpd64k_peb,104813948799,124795270,54242116,1118376,1113301,75495,0,0,1189836,745868,0,7556604,221303,221303,221303,0,246654,89411,713456,19758714,219297,89411,219297,89411,0,0,1.000,57.350,109163,24211,168158,2662,111706,56452,70033,70033,0,2543,2543,70033,2543,1065,222443,289852,0,19725,0,-0.037,-0.182,-0.634,,6.099,0.526,0.488,0.370,0.534,-0.030,yes,2.618,-93.129,-41.310,-41.732,0.00
sqlite_stress,spp,102140339751,124787097,54238317,865108,804538,1098726,0,0,1902540,986645,0,8306221,422495,422495,422495,0,423311,105544,1268229,33666170,420468,105544,420468,105544,0,0,1.150,56.960,2317251,472866,0,0,0,0,0,0,0,0,0,0,0,0,0,0,0,0,0,-2.587,-22.787,-28.192,,69.652,91.917,72.459,71.017,92.759,18.008,yes,0.000,0.000,0.000,0.000,0.00
sqlite_stress,spp_copper_slack,102179909475,124791541,54240335,872534,808606,1156634,1106926,49708,1964575,1016635,0,8367968,423103,423103,423103,0,423908,105425,1270083,33698170,421087,105425,421087,105425,0,0,1.150,57.340,2426579,483854,273251,1176,97413,175838,54545,54545,0,4224,4224,54545,4224,0,235037,323572,0,10458,0,-2.549,-22.124,-27.829,,75.184,92.193,72.702,71.179,93.042,17.875,yes,0.039,5.270,0.095,0.141,4.30
lua_medium,none,38222677395,46304997,17620736,396700,396690,0,0,0,397580,223403,0,630116,287936,287936,287936,0,303257,135975,891931,27042707,286547,135975,286547,135975,0,0,1.000,57.550,0,0,0,0,0,0,0,0,0,0,0,0,0,0,0,0,0,0,0,0.000,0.000,0.000,,0.000,0.000,0.000,0.000,0.000,0.000,yes,41.909,-100.000,-13.785,-13.914,0.00
lua_medium,naive,37485191286,46298728,17617845,385791,374903,45823,0,0,421630,229970,0,653259,291318,291318,291318,0,306463,134411,901748,27155347,289871,134411,289871,134411,0,0,1.020,57.010,74914,12522,106125,4486,106125,0,54465,54465,0,31209,31209,54465,31209,0,0,0,0,0,0,-1.929,-2.750,-5.492,,6.049,1.175,1.057,0.417,1.160,-1.150,yes,39.170,-91.622,-13.426,-13.004,0.00
lua_medium,copper_clpd64k_peb,37399695201,46298911,17617906,381455,371076,51768,0,0,423746,230024,0,655322,291863,291863,291863,0,306894,134311,903256,27183827,290416,134311,290416,134311,0,0,1.030,56.740,73613,16745,147770,4334,76319,71451,35760,35760,0,2706,2706,35760,2706,0,74426,125240,0,17964,0,-2.153,-3.843,-6.457,,6.581,1.364,1.199,0.522,1.350,-1.224,yes,38.853,-90.535,-13.336,-12.882,0.00
lua_medium,spp,26934731640,46267099,17605243,150510,113366,546949,0,0,659464,275555,0,902906,352155,352155,352155,0,352272,139234,1057103,31366739,350851,139234,350851,139234,0,0,1.590,57.290,1911196,264160,0,0,0,0,0,0,0,0,0,0,0,0,0,0,0,0,0,-29.532,-62.059,-71.422,,65.870,22.303,16.163,15.990,22.441,2.397,yes,0.000,0.000,0.000,0.000,0.00
lua_medium,spp_copper_slack,27046477116,46263871,17603856,152897,113992,552219,537466,14753,665327,272146,0,908556,370784,370784,370784,0,370918,140638,1112949,32642131,369375,140638,369375,140638,0,0,1.650,57.050,1858545,261573,272364,2696,25216,247148,14821,14821,0,966,966,14821,966,0,65217,98060,0,10172,0,-29.240,-61.458,-71.264,,67.344,28.773,22.311,20.706,28.906,3.429,yes,0.415,0.964,4.066,5.293,2.67
lua_stress,none,74495345085,88813935,33878016,716247,716238,0,0,0,717260,369594,0,1163715,572693,572693,572693,0,600442,268456,1766394,53741623,571236,268456,571236,268456,0,0,1.000,57.060,0,0,0,0,0,0,0,0,0,0,0,0,0,0,0,0,0,0,0,0.000,0.000,0.000,,0.000,0.000,0.000,0.000,0.000,0.000,yes,45.756,-100.000,-23.608,-27.846,0.00
lua_stress,naive,72687976929,88799735,33872319,682761,647596,130249,0,0,778896,376096,0,1223900,616486,616486,616486,0,644451,268855,1897814,56568055,615000,268855,615000,268855,0,0,1.040,57.260,183611,36039,206951,10855,206951,0,104189,104189,0,23338,23338,104189,23338,9528,0,0,0,0,0,-2.426,-4.675,-9.584,,8.593,7.647,7.329,5.259,7.661,0.149,yes,42.220,-89.324,-19.590,-22.557,0.00
lua_stress,copper_clpd64k_peb,72409611906,88799717,33872323,673615,631112,148646,0,0,780811,376168,0,1225682,616027,616027,616027,0,643929,268750,1896421,56531703,614537,268750,614537,268750,0,0,1.040,56.510,185704,45125,311484,10430,191097,120387,80247,80247,0,5393,5393,80247,5393,0,145551,289227,0,17961,0,-2.800,-5.952,-11.885,,8.860,7.567,7.242,5.192,7.580,0.110,yes,41.676,-87.817,-19.642,-22.620,0.00
lua_stress,spp,51109467705,88774497,33862723,273903,197861,1220061,0,0,1417063,437763,0,1885171,830052,830052,830052,0,832165,270698,2491252,70349495,828492,270698,828492,270698,0,0,1.860,57.420,3821249,474760,0,0,0,0,0,0,0,0,0,0,0,0,0,0,0,0,0,-31.392,-61.759,-72.375,,97.566,44.938,38.592,30.903,45.035,0.835,yes,0.000,0.000,0.000,0.000,0.00
lua_stress,spp_copper_slack,51312254049,88769306,33860577,282992,197745,1273340,1242637,30703,1470242,434748,0,1937588,886634,886634,886634,0,889044,270719,2661025,73973815,885101,270719,885101,270719,0,0,1.880,57.830,3829031,465854,699463,3881,43778,655685,27985,27985,0,871,871,27985,871,0,142726,210572,0,10211,0,-31.120,-60.490,-72.391,,104.980,54.818,48.065,37.647,54.945,0.843,yes,0.397,4.367,5.152,6.835,2.41
duktape_medium,none,101740935888,164177814,71823399,502848,502837,0,0,0,503379,324336,0,2597137,240181,240181,240181,0,253521,125139,745009,23245410,238050,125139,238050,125139,0,0,1.000,56.660,0,0,0,0,0,0,0,0,0,0,0,0,0,0,0,0,0,0,0,0.000,0.000,0.000,,0.000,0.000,0.000,0.000,0.000,0.000,yes,7.217,-100.000,-31.652,-34.047,0.00
duktape_medium,naive,101580798519,164177814,71823399,502763,497794,41895,0,0,540221,349331,0,2634012,242990,242990,242990,0,256528,125271,753412,23432802,240846,125271,240846,125271,0,0,1.010,56.560,87880,7865,101339,4212,101339,0,65378,65378,0,13457,13457,65378,13457,0,0,0,0,0,0,-0.157,-0.017,-1.003,,7.319,1.170,1.186,0.806,1.175,0.105,yes,7.049,-93.353,-31.101,-33.264,0.00
duktape_medium,copper_clpd64k_peb,101603853774,164177801,71823395,501448,497415,32800,0,0,530760,342851,0,2624561,242574,242574,242574,0,256139,125336,752190,23411170,240443,125336,240443,125336,0,0,1.010,56.640,60140,7282,101181,3083,61381,39800,42299,42299,0,1241,1241,42299,1241,0,99692,133021,0,18375,0,-0.135,-0.278,-1.078,,5.439,0.996,1.033,0.713,1.005,0.157,yes,7.073,-94.796,-31.165,-33.366,0.00
duktape_medium,spp,94892165181,164162240,71816681,301029,260237,630323,0,0,889646,409757,0,2995326,383920,383920,383920,0,384395,149587,1151188,34010530,381807,149587,381807,149587,0,0,1.390,56.720,1836666,273072,0,0,0,0,0,0,0,0,0,0,0,0,0,0,0,0,0,-6.732,-40.135,-48.246,,76.735,59.846,51.623,46.311,60.389,19.537,yes,0.000,0.000,0.000,0.000,0.00
duktape_medium,spp_copper_slack,94670430471,164165269,71817948,298929,263349,642618,625599,17019,905023,422858,0,3010953,373932,373932,373932,0,374263,148552,1121056,33300578,371749,148552,371749,148552,0,0,1.360,56.630,2012765,281826,197314,2496,34237,163077,24083,24083,0,1140,1140,24083,1140,0,129893,160374,0,10299,0,-6.950,-40.553,-47.627,,79.790,55.688,47.626,43.257,56.164,18.710,yes,-0.234,1.951,-2.087,-2.636,2.65
duktape_stress,none,202077116604,319029121,140118547,878862,878851,0,0,0,879161,482267,0,4926356,530706,530706,530706,0,554646,271361,1631650,51169958,528149,271361,528149,271361,0,0,1.000,56.640,0,0,0,0,0,0,0,0,0,0,0,0,0,0,0,0,0,0,0,0.000,0.000,0.000,,0.000,0.000,0.000,0.000,0.000,0.000,yes,9.153,-100.000,-25.771,-30.566,0.00
duktape_stress,naive,201569925636,319013778,140112460,883809,872969,77448,0,0,950778,509283,0,4996304,545201,545201,545201,0,570070,272958,1675639,52201446,542669,272958,542669,272958,0,0,1.040,56.710,164639,9690,180188,7706,180188,0,116946,116946,0,15547,15547,116946,15547,2639,0,0,0,0,0,-0.251,0.563,-0.669,,8.146,2.731,2.781,2.016,2.749,0.589,yes,8.879,-92.818,-24.275,-28.635,0.00
duktape_stress,copper_clpd64k_peb,201696158610,319013765,140112456,881694,873046,59150,0,0,932557,501527,0,4978067,541910,541910,541910,0,566737,272497,1665773,51962022,539389,272497,539389,272497,0,0,1.040,56.750,107077,9089,174917,5523,108552,66365,73128,73128,0,1475,1475,73128,1475,0,186126,249040,0,18375,0,-0.189,0.322,-0.661,,6.074,2.111,2.180,1.548,2.128,0.419,yes,8.947,-94.515,-24.622,-29.052,0.00
duktape_stress,spp,185132381634,318987525,140101293,547519,463190,1078340,0,0,1540221,614723,0,5604055,794662,794662,794662,0,798805,285038,2383675,68935270,792055,285038,792055,285038,0,0,1.460,56.750,3218828,472305,0,0,0,0,0,0,0,0,0,0,0,0,0,0,0,0,0,-8.385,-37.701,-47.296,,75.192,49.737,44.021,34.718,49.968,5.040,yes,0.000,0.000,0.000,0.000,0.00
duktape_stress,spp_copper_slack,184405728681,318993628,140103757,536633,473985,1128126,1093858,34268,1600752,628958,0,5665404,791520,791520,791520,0,795568,285534,2374206,68763878,788881,285534,788881,285534,0,0,1.490,56.670,3512078,502125,364636,3703,63201,301435,42359,42359,0,1559,1559,42359,1559,0,235997,297127,0,10299,0,-8.745,-38.940,-46.068,,82.077,49.145,43.437,34.383,49.367,5.223,yes,-0.393,4.617,-0.249,-0.405,3.04
yyjson_medium,none,15039569709,21858029,6572480,139407,139398,0,0,0,140213,61122,0,233580,92865,92865,92865,0,107178,31286,308506,7853296,91399,31286,91399,31286,0,0,1.010,56.950,0,0,0,0,0,0,0,0,0,0,0,0,0,0,0,0,0,0,0,0.000,0.000,0.000,,0.000,0.000,0.000,0.000,0.000,0.000,yes,22.475,-100.000,-27.260,-21.396,0.00
yyjson_medium,naive,15024479148,21858007,6572483,138449,138394,7617,0,0,146829,61467,0,240191,92682,92682,92682,0,106996,31286,307960,7840880,91205,31286,91205,31286,0,0,1.010,55.270,8026,1259,11883,448,11883,0,7803,7803,0,3855,3855,7803,3855,0,0,0,0,0,0,-0.100,-0.687,-0.720,,4.719,-0.197,-0.170,-0.158,-0.212,0.000,yes,22.352,-95.585,-27.375,-21.530,0.00
yyjson_medium,copper_clpd64k_peb,15029157798,21858025,6572479,138486,138445,6598,0,0,145866,61301,0,239284,92617,92617,92617,0,106933,31289,307767,7837680,91152,31289,91152,31289,0,0,1.010,57.280,6856,1103,12515,451,6899,5616,6682,6682,0,43,43,6682,43,0,6911,7108,0,18349,0,-0.069,-0.661,-0.684,,4.032,-0.267,-0.229,-0.199,-0.270,0.010,yes,22.391,-96.176,-27.405,-21.576,0.00
yyjson_medium,spp,12279671703,21887090,6582956,61852,45546,172541,0,0,217101,70855,0,325777,137969,137969,137969,0,136352,32052,414389,10796464,136620,32052,136620,32052,0,0,1.410,56.420,665653,88240,0,0,0,0,0,0,0,0,0,0,0,0,0,0,0,0,0,-18.351,-55.632,-67.327,,54.837,48.569,27.220,37.477,49.476,2.448,yes,0.000,0.000,0.000,0.000,0.00
yyjson_medium,spp_copper_slack,12281004369,21887065,6582948,61958,45573,170134,169374,760,214737,71469,0,323523,135324,135324,135324,0,133702,32044,406447,10626352,133970,32044,133970,32044,0,0,1.380,57.620,657957,88244,20511,356,1046,19465,839,839,0,59,59,839,59,0,1599,1791,0,10386,0,-18.342,-55.556,-67.307,,53.151,45.721,24.748,35.311,46.577,2.423,yes,0.011,-1.395,-1.576,-1.943,0.45
yyjson_stress,none,26521231887,39946448,11871255,218987,218977,0,0,0,219827,76138,0,332300,152819,152819,152819,0,177065,43706,507012,12481264,151291,43706,151291,43706,0,0,1.000,55.970,0,0,0,0,0,0,0,0,0,0,0,0,0,0,0,0,0,0,0,0.000,0.000,0.000,,0.000,0.000,0.000,0.000,0.000,0.000,yes,28.364,-100.000,-27.528,-21.377,0.00
yyjson_stress,naive,26513927532,39946430,11871251,216838,216751,14823,0,0,232426,75913,0,344864,154570,154570,154570,0,178820,43708,512273,12593008,153035,43708,153035,43708,0,0,1.000,56.310,15232,2422,19557,570,19557,0,15006,15006,0,4323,4323,15006,4323,7514,0,0,0,0,0,-0.028,-0.981,-1.017,,5.731,1.146,0.991,0.895,1.153,0.005,yes,28.329,-94.866,-26.879,-20.597,0.00
yyjson_stress,copper_clpd64k_peb,26507541591,39946452,11871256,216903,216859,12725,0,0,230431,75800,0,342899,154239,154239,154239,0,178487,43711,511276,12572464,152711,43711,152711,43711,0,0,1.000,56.720,12992,2221,20641,577,13039,7602,12803,12803,0,47,47,12803,47,0,13015,13285,0,18349,0,-0.052,-0.952,-0.967,,4.824,0.929,0.803,0.731,0.939,0.011,yes,28.298,-95.593,-26.998,-20.745,0.00
yyjson_stress,spp,20660957028,39973506,11880955,86372,61372,288731,0,0,349076,107586,0,485916,226414,226414,226414,0,225207,44160,680226,17222128,224913,44160,224913,44160,0,0,1.540,56.990,1131291,147255,0,0,0,0,0,0,0,0,0,0,0,0,0,0,0,0,0,-22.097,-60.558,-71.973,,58.796,48.158,27.189,37.984,48.663,1.039,yes,0.000,0.000,0.000,0.000,0.00
yyjson_stress,spp_copper_slack,20637296712,39973506,11880955,85984,61288,286253,284504,1749,346523,106345,0,483384,215675,215675,215675,0,214464,44176,648002,16535728,214172,44176,214172,44176,0,0,1.540,58.060,1137790,147696,43488,477,2080,41408,1766,1766,0,112,112,1766,112,0,3460,3765,0,10386,0,-22.186,-60.736,-72.012,,57.634,41.131,21.122,32.484,41.563,1.075,yes,-0.115,-0.858,-3.986,-4.770,0.61
jsonsqlite_medium,none,31474136025,43463692,17801427,328639,328627,0,0,0,329514,214046,0,1695995,84184,84184,84184,0,92086,33163,271657,7396770,82387,33163,82387,33163,0,0,1.000,57.240,0,0,0,0,0,0,0,0,0,0,0,0,0,0,0,0,0,0,0,0.000,0.000,0.000,,0.000,0.000,0.000,0.000,0.000,0.000,yes,4.708,-100.000,-19.644,-16.153,0.00
jsonsqlite_medium,naive,31468886280,43463687,17801424,327438,326411,9782,0,0,337077,218848,0,1703764,84349,84349,84349,0,92258,33172,272174,7408418,82560,33172,82560,33172,0,0,1.000,58.140,18062,4500,32168,698,32168,0,14451,14451,0,14104,14104,14451,14104,0,0,0,0,0,0,-0.017,-0.365,-0.674,,2.295,0.196,0.187,0.157,0.210,0.027,yes,4.691,-98.555,-19.518,-15.996,0.00
jsonsqlite_medium,copper_clpd64k_peb,31462594578,43463672,17801418,326074,325059,6254,0,0,332203,215789,0,1698815,84280,84280,84280,0,92185,33162,271957,7403234,82489,33162,82489,33162,0,0,1.000,59.330,14196,3532,34334,623,14895,19439,10789,10789,0,699,699,10789,699,0,38507,46479,0,19974,0,-0.037,-0.780,-1.086,,0.816,0.114,0.108,0.087,0.124,-0.003,yes,4.670,-99.076,-19.574,-16.063,0.00
jsonsqlite_medium,spp,30058835076,43453276,17796949,241766,220715,677165,0,0,897265,388067,0,2273342,111661,111661,111661,0,109826,33859,335485,9205026,109945,33859,109945,33859,0,0,1.220,57.240,1952087,269968,0,0,0,0,0,0,0,0,0,0,0,0,0,0,0,0,0,-4.497,-26.434,-32.837,,172.300,32.639,19.265,24.447,33.449,2.099,yes,0.000,0.000,0.000,0.000,0.00
jsonsqlite_medium,spp_copper_slack,30050573679,43450184,17795197,240835,219423,666176,660666,5510,884994,381078,0,2260737,111307,111307,111307,0,109451,33821,334421,9180962,109607,33821,109607,33821,0,0,1.230,56.980,1944994,268653,98360,376,19500,78860,9959,9959,0,582,582,9959,582,0,94648,114700,0,10696,0,-4.523,-26.717,-33.230,,168.576,32.219,18.857,24.121,33.039,1.984,yes,-0.027,-1.623,-0.261,-0.341,0.83
jsonsqlite_stress,none,72752492016,112229717,46362001,933617,933605,0,0,0,934361,432365,0,3563274,91438,91438,91438,0,103720,39771,301786,8282606,89620,39771,89620,39771,0,0,1.000,59.110,0,0,0,0,0,0,0,0,0,0,0,0,0,0,0,0,0,0,0,0.000,0.000,0.000,,0.000,0.000,0.000,0.000,0.000,0.000,yes,3.722,-100.000,-23.634,-19.717,0.00
jsonsqlite_stress,naive,72677932650,112226125,46360002,925283,920883,38585,0,0,960287,474778,0,3589118,91429,91429,91429,0,103812,39755,301894,8286382,89695,39755,89695,39755,0,0,1.000,57.500,74485,18032,107690,998,107690,0,61414,61414,0,33203,33203,61414,33203,0,0,0,0,0,0,-0.102,-0.893,-1.363,,2.775,-0.010,0.089,0.046,0.084,-0.040,yes,3.616,-98.186,-23.599,-19.646,0.00
jsonsqlite_stress,copper_clpd64k_peb,72694647918,112226177,46360010,926323,921999,31866,0,0,954678,445406,0,3583614,91396,91396,91396,0,103784,39755,301790,8284078,89659,39755,89659,39755,0,0,1.000,57.620,66385,15412,114186,773,69246,44940,54247,54247,0,2861,2861,54247,2861,0,172481,198186,0,19975,0,-0.080,-0.781,-1.243,,2.174,-0.046,0.062,0.018,0.044,-0.040,yes,3.639,-98.502,-23.620,-19.667,0.00
jsonsqlite_stress,spp,70141908879,112214382,46355278,596699,557702,2126791,0,0,2683655,849986,0,5327027,130912,130912,130912,0,129193,40466,393233,10845934,128977,40466,128977,40466,0,0,1.210,56.200,5530146,707152,0,0,0,0,0,0,0,0,0,0,0,0,0,0,0,0,0,-3.588,-36.087,-40.264,,187.218,43.170,24.559,30.948,43.915,1.748,yes,0.000,0.000,0.000,0.000,0.00
jsonsqlite_stress,spp_copper_slack,70116427053,112218855,46357304,584460,540754,2051191,2024913,26278,2591139,836071,0,5234354,132945,132945,132945,0,131340,40811,399339,10997678,131003,40811,131003,40811,0,0,1.180,57.750,5483115,702639,280232,414,58166,222066,36811,36811,0,1144,1144,36811,1144,0,323468,380575,0,10659,0,-3.623,-37.398,-42.079,,177.317,45.394,26.629,32.780,46.176,2.615,yes,-0.036,-3.555,1.399,1.662,1.28
cachesvc_small,none,4063964634,3524579,1130932,51835,51829,0,0,0,52453,31662,0,117540,46605,46605,46605,0,48762,15011,147192,3865480,45366,15011,45366,15011,0,0,1.030,56.930,0,0,0,0,0,0,0,0,0,0,0,0,0,0,0,0,0,0,0,0.000,0.000,0.000,,0.000,0.000,0.000,0.000,0.000,0.000,yes,15.527,-100.000,-15.843,-11.645,0.00
cachesvc_small,naive,4050206739,3521424,1129157,51643,51587,736,0,0,52954,31940,0,117821,46520,46520,46520,0,48751,14944,147060,3859784,45344,14944,45344,14944,0,0,1.030,56.660,1256,239,4895,410,4895,0,1011,1011,0,3637,3637,1011,3637,0,0,0,0,0,0,-0.339,-0.370,-0.467,,0.955,-0.182,-0.023,-0.147,-0.048,-0.446,yes,15.136,-98.411,-15.967,-11.665,0.00
cachesvc_small,copper_clpd64k_peb,4060412190,3524639,1130951,51820,51784,327,0,0,52734,31810,0,117828,46615,46615,46615,0,48768,15014,147224,3866504,45379,15014,45379,15014,0,0,1.030,56.600,593,106,5264,394,612,4652,490,490,0,19,19,490,19,0,609,727,0,17736,0,-0.087,-0.029,-0.087,,0.536,0.021,0.012,0.026,0.029,0.020,yes,15.426,-99.294,-15.820,-11.635,0.00
cachesvc_small,spp,3517766379,3520260,1128249,32415,26770,46313,0,0,72016,37535,0,141500,57514,57514,57514,0,55189,15387,172768,4593160,56360,15387,56360,15387,0,0,1.190,56.840,160612,25744,0,0,0,0,0,0,0,0,0,0,0,0,0,0,0,0,0,-13.440,-37.465,-48.349,,37.296,23.407,13.180,18.825,24.234,2.505,yes,0.000,0.000,0.000,0.000,0.00
cachesvc_small,spp_copper_slack,3519139005,3520479,1128329,32410,26704,46585,46368,217,72224,37619,0,141731,57559,57559,57559,0,55238,15390,172905,4596232,56405,15390,56405,15390,0,0,1.200,56.960,161144,25758,7626,279,410,7216,333,333,0,19,19,333,19,0,529,625,0,10192,0,-13.406,-37.475,-48.477,,37.693,23.504,13.281,18.905,24.333,2.525,yes,0.039,0.587,0.067,0.089,0.47
cachesvc_medium,none,4190362776,3736831,1171387,57737,57731,0,0,0,58357,37521,0,123610,46754,46754,46754,0,49311,15499,148421,3906188,45514,15499,45514,15499,0,0,1.030,57.110,0,0,0,0,0,0,0,0,0,0,0,0,0,0,0,0,0,0,0,0.000,0.000,0.000,,0.000,0.000,0.000,0.000,0.000,0.000,yes,15.095,-100.000,-15.889,-11.257,0.00
cachesvc_medium,naive,4174511310,3733676,1169612,57722,57579,1300,0,0,59514,38454,0,124545,46677,46677,46677,0,49313,15437,148319,3901452,45502,15437,45502,15437,0,0,1.030,56.930,2191,338,6312,586,6312,0,1920,1920,0,4119,4119,1920,4119,0,0,0,0,0,0,-0.378,-0.026,-0.263,,1.983,-0.165,0.004,-0.121,-0.026,-0.400,yes,14.660,-97.484,-15.991,-11.253,0.00
cachesvc_medium,copper_clpd64k_peb,4179007143,3733676,1169612,57578,57476,742,0,0,58866,37979,0,123893,46628,46628,46628,0,49286,15444,148177,3898508,45449,15444,45449,15444,0,0,1.030,56.740,1337,227,6950,512,1361,5589,1195,1195,0,24,24,1195,24,0,2148,2365,0,17736,0,-0.271,-0.275,-0.442,,0.872,-0.269,-0.051,-0.197,-0.143,-0.355,yes,14.783,-98.564,-16.055,-11.302,0.00
cachesvc_medium,spp,3640780908,3732512,1168704,38252,32283,51670,0,0,82893,48452,0,152934,57874,57874,57874,0,55566,15815,173873,4644108,56728,15815,56728,15815,0,0,1.190,56.890,170281,27581,0,0,0,0,0,0,0,0,0,0,0,0,0,0,0,0,0,-13.115,-33.748,-44.080,,42.045,23.784,12.685,18.891,24.639,2.039,yes,0.000,0.000,0.000,0.000,0.00
cachesvc_medium,spp_copper_slack,3642011010,3732731,1168784,38242,32232,52388,51775,613,83556,48971,0,153623,57911,57911,57911,0,55604,15815,173983,4646220,56761,15815,56761,15815,0,0,1.190,57.210,171485,27758,11155,407,1188,9967,1028,1028,0,26,26,1028,26,0,2850,3203,0,10192,0,-13.086,-33.765,-44.169,,43.181,23.863,12.762,18.945,24.711,2.039,yes,0.034,1.390,0.045,0.068,1.17
pcre2_smoke,none,17107534341,29399339,10850724,126301,126294,0,0,0,127153,82718,0,225858,60374,60374,60374,0,64974,21892,193579,5174081,58931,21892,58931,21892,0,0,1.010,55.660,0,0,0,0,0,0,0,0,0,0,0,0,0,0,0,0,0,0,0,0.000,0.000,0.000,,0.000,0.000,0.000,0.000,0.000,0.000,yes,6.147,-100.000,-19.167,-15.550,0.00
pcre2_smoke,naive,17107736805,29399528,10850777,126141,126082,2215,0,0,129154,83721,0,227867,60475,60475,60475,0,65079,21900,193894,5181057,59032,21900,59032,21900,0,0,1.010,56.920,5649,1014,11075,603,11075,0,4549,4549,0,5424,5424,4549,5424,0,0,0,0,0,0,0.001,-0.127,-0.168,,1.574,0.167,0.162,0.135,0.171,0.037,yes,6.148,-98.509,-19.058,-15.414,0.00
pcre2_smoke,copper_clpd64k_peb,17114443758,29399352,10850728,126176,126129,1624,0,0,128615,83431,0,227297,60411,60411,60411,0,65020,21899,193699,5176833,58968,21898,58968,21898,0,0,1.010,57.710,4881,766,13655,559,4916,8739,3195,3195,0,35,35,3195,35,0,2971,5224,0,17746,0,0.040,-0.099,-0.131,,1.150,0.061,0.071,0.053,0.063,0.027,yes,6.189,-98.907,-19.124,-15.490,0.00
pcre2_smoke,spp,16116897636,29344994,10829501,61796,52638,148598,0,0,200464,104511,0,303343,79085,79085,79085,0,76938,22304,237525,6400961,77689,22304,77689,22304,0,0,1.290,57.390,596672,84589,0,0,0,0,0,0,0,0,0,0,0,0,0,0,0,0,0,-5.791,-51.072,-58.321,,57.656,30.992,18.414,23.712,31.830,1.882,yes,0.000,0.000,0.000,0.000,0.00
pcre2_smoke,spp_copper_slack,16124561964,29344994,10829501,61432,52381,148304,147577,727,199917,104910,0,302801,79061,79061,79061,0,76906,22292,237442,6398785,77667,22292,77667,22292,0,0,1.270,56.740,591803,85006,26038,455,2817,23221,1041,1041,0,44,44,1041,44,0,3054,6226,0,10202,0,-5.746,-51.361,-58.525,,57.226,30.952,18.364,23.670,31.793,1.827,yes,0.048,-0.198,-0.034,-0.042,0.49
pcre2_seed1,none,17114490378,29416141,10860679,124488,124481,0,0,0,125338,82293,0,224081,60378,60378,60378,0,65001,21933,193616,5177025,58936,21933,58936,21933,0,0,1.010,56.060,0,0,0,0,0,0,0,0,0,0,0,0,0,0,0,0,0,0,0,0.000,0.000,0.000,,0.000,0.000,0.000,0.000,0.000,0.000,yes,6.083,-100.000,-19.100,-15.500,0.00
pcre2_seed1,naive,17114862672,29416159,10860675,124252,124193,2230,0,0,127279,83238,0,226020,60488,60488,60488,0,65114,21942,193957,5184705,59047,21942,59047,21942,0,0,1.010,58.420,5049,1073,10457,591,10457,0,3978,3978,0,5406,5406,3978,5406,0,0,0,0,0,0,0.002,-0.190,-0.231,,1.549,0.182,0.174,0.148,0.188,0.041,yes,6.085,-98.446,-18.980,-15.353,0.00
pcre2_seed1,copper_clpd64k_peb,17112017520,29416128,10860675,124187,124143,1552,0,0,126558,82868,0,225298,60418,60418,60418,0,65037,21936,193732,5179777,58976,21936,58976,21936,0,0,1.010,56.740,3949,832,12813,555,3981,8832,2313,2313,0,32,32,2313,32,0,2337,4499,0,17746,0,-0.014,-0.242,-0.272,,0.973,0.066,0.055,0.053,0.068,0.014,yes,6.068,-98.919,-19.057,-15.453,0.00
pcre2_seed1,spp,16133089428,29361783,10839452,61849,52679,143546,0,0,195456,103316,0,298398,79068,79068,79068,0,76924,22301,237459,6399297,77666,22301,77666,22301,0,0,1.290,57.330,548387,82511,0,0,0,0,0,0,0,0,0,0,0,0,0,0,0,0,0,-5.734,-50.317,-57.681,,55.943,30.955,18.343,23.610,31.780,1.678,yes,0.000,0.000,0.000,0.000,0.00
pcre2_seed1,spp_copper_slack,16132578939,29361783,10839452,61712,52572,143177,142418,759,194978,103988,0,297925,79014,79014,79014,0,76862,22293,237310,6396033,77623,22293,77623,22293,0,0,1.330,56.160,534113,82589,23313,454,2602,20711,1207,1207,0,66,66,1207,66,0,3084,5479,0,10202,0,-5.737,-50.427,-57.767,,55.562,30.866,18.247,23.546,31.707,1.641,yes,-0.003,-0.257,-0.051,-0.081,0.53
libxml2_tiny,none,13821155676,13864479,4999176,160242,160221,0,0,0,163275,84333,0,422843,115844,115844,115844,0,122488,36223,363239,9641184,114394,36223,114394,36223,0,0,1.010,56.830,0,0,0,0,0,0,0,0,0,0,0,0,0,0,0,0,0,0,0,0.000,0.000,0.000,,0.000,0.000,0.000,0.000,0.000,0.000,yes,13.585,-100.000,-18.676,-17.502,0.00
libxml2_tiny,naive,13831863957,13864816,4999289,160315,160128,2451,0,0,165628,85149,0,425376,116302,116302,116302,0,122942,36238,364613,9670368,114835,36238,114835,36238,0,0,1.010,56.830,4207,590,12720,714,12720,0,3290,3290,0,8510,8510,3290,8510,0,0,0,0,0,0,0.077,0.046,-0.058,,1.441,0.395,0.371,0.303,0.386,0.041,yes,13.673,-98.389,-18.430,-17.196,0.00
libxml2_tiny,copper_clpd64k_peb,13833029457,13864708,4999266,160250,160091,1611,0,0,164760,84780,0,424552,116058,116058,116058,0,122695,36238,363867,9655072,114596,36238,114596,36238,0,0,1.010,56.960,2589,427,13823,627,2714,11109,1996,1996,0,125,125,1996,125,0,3008,4012,0,17742,0,0.086,0.005,-0.081,,0.910,0.185,0.169,0.144,0.177,0.041,yes,13.682,-98.941,-18.559,-17.363,0.00
libxml2_tiny,spp,12168148338,13938472,5026721,110530,96787,152101,0,0,250628,101235,0,517959,149452,149452,149452,0,148474,37096,449238,11855264,148116,37096,148116,37096,0,0,1.200,56.920,446222,70146,0,0,0,0,0,0,0,0,0,0,0,0,0,0,0,0,0,-11.960,-31.023,-39.592,,53.501,29.011,21.215,22.965,29.479,2.410,yes,0.000,0.000,0.000,0.000,0.00
libxml2_tiny,spp_copper_slack,12177053424,13938647,5026761,110313,96686,153594,152282,1312,252020,101658,0,519350,149942,149942,149942,0,148970,37132,450714,11889120,148609,37132,148609,37132,0,0,1.200,56.930,448854,70589,23094,416,2508,20586,1966,1966,0,123,123,1966,123,0,3406,4377,0,10256,0,-11.896,-31.158,-39.655,,54.353,29.434,21.620,23.316,29.910,2.509,yes,0.073,0.982,0.286,0.334,0.85
libarchive_tiny,none,19109981223,17469655,6466058,262486,262445,0,0,0,266438,116170,0,608295,170072,170072,170072,0,179496,51101,530763,14060183,168562,51101,168562,51101,0,0,1.010,56.690,0,0,0,0,0,0,0,0,0,0,0,0,0,0,0,0,0,0,0,0.000,0.000,0.000,,0.000,0.000,0.000,0.000,0.000,0.000,yes,18.294,-100.000,-17.714,-17.185,0.00
libarchive_tiny,naive,19079260641,17449780,6458318,262123,261333,6551,0,0,271972,116512,0,612271,169874,169874,169874,0,179362,50922,530278,14039383,168416,50922,168416,50922,0,0,1.010,56.720,8751,1883,21855,610,21855,0,7927,7927,0,13102,13102,7927,13102,22297,0,0,0,0,0,-0.161,-0.138,-0.424,,2.077,-0.116,-0.075,-0.148,-0.087,-0.350,yes,18.104,-97.176,-17.836,-17.247,0.00
libarchive_tiny,copper_clpd64k_peb,19089701523,17455903,6460816,261187,260437,4186,0,0,268697,116149,0,609339,169984,169984,169984,0,179465,50996,530586,14050455,168515,50996,168515,50996,0,0,1.010,56.800,6077,1666,23211,501,6406,16805,5550,5550,0,329,329,5550,329,12192,12009,13193,0,17720,0,-0.106,-0.495,-0.765,,0.848,-0.052,-0.017,-0.069,-0.028,-0.205,yes,18.168,-98.196,-17.771,-17.199,0.00
libarchive_tiny,spp,16154681814,17293525,6400102,198308,176266,231998,0,0,410948,131932,0,758620,217028,217028,217028,0,216743,51386,652245,17086999,215571,51386,215571,51386,0,0,1.220,56.790,706791,100831,0,0,0,0,0,0,0,0,0,0,0,0,0,0,0,0,0,-15.465,-24.450,-32.837,,54.238,27.609,20.751,21.528,27.888,0.558,yes,0.000,0.000,0.000,0.000,0.00
libarchive_tiny,spp_copper_slack,16154563932,17293476,6400084,197641,174690,237045,232443,4602,414434,132567,0,762118,217337,217337,217337,0,217074,51391,653189,17107415,215885,51391,215885,51391,0,0,1.220,56.930,714278,102395,42062,400,7114,34948,6261,6261,0,221,221,6261,221,0,14313,16356,0,10240,0,-15.465,-24.704,-33.437,,55.546,27.791,20.935,21.673,28.075,0.568,yes,-0.001,2.175,0.119,0.153,1.94
zstd_tiny,none,5411754162,5293549,1704000,66379,66373,0,0,0,67410,43706,0,146754,54563,54563,54563,0,58887,20210,176031,4704647,53278,20210,53278,20210,0,0,1.020,56.990,0,0,0,0,0,0,0,0,0,0,0,0,0,0,0,0,0,0,0,0.000,0.000,0.000,,0.000,0.000,0.000,0.000,0.000,0.000,yes,16.755,-100.000,-14.485,-9.229,0.00
zstd_tiny,naive,5402052207,5293549,1704000,66359,66299,745,0,0,68073,44046,0,147411,54616,54616,54616,0,58934,20200,176188,4706695,53320,20200,53320,20200,0,0,1.020,56.750,1217,221,6643,352,6643,0,959,959,0,5191,5191,959,5191,0,0,0,0,0,0,-0.179,-0.030,-0.111,,0.984,0.097,0.080,0.044,0.079,-0.049,yes,16.546,-98.761,-14.448,-9.156,0.00
zstd_tiny,copper_clpd64k_peb,5405505084,5293549,1704000,66355,66316,401,0,0,67755,43896,0,147098,54572,54572,54572,0,58888,20208,176044,4704519,53278,20208,53278,20208,0,0,1.020,56.880,666,133,7009,324,703,6306,535,535,0,37,37,535,37,0,721,914,0,17737,0,-0.115,-0.036,-0.086,,0.512,0.016,0.002,-0.003,0.000,-0.010,yes,16.620,-99.333,-14.488,-9.227,0.00
zstd_tiny,spp,4635142884,5211708,1671385,40753,32466,60113,0,0,91912,51722,0,176452,67120,67120,67120,0,64874,20081,201793,5501575,65859,20081,65859,20081,0,0,1.190,57.100,210116,32184,0,0,0,0,0,0,0,0,0,0,0,0,0,0,0,0,0,-14.350,-38.606,-51.086,,36.348,23.014,10.167,16.939,23.614,-0.638,yes,0.000,0.000,0.000,0.000,0.00
zstd_tiny,spp_copper_slack,4646577771,5211708,1671385,40722,32416,60274,59975,299,92010,51762,0,176539,67113,67113,67113,0,64872,20083,201773,5500935,65847,20083,65847,20083,0,0,1.190,56.780,211262,32235,10101,231,526,9575,418,418,0,35,35,418,35,0,679,846,0,10172,0,-14.139,-38.652,-51.161,,36.493,23.001,10.164,16.926,23.591,-0.628,yes,0.247,0.268,-0.012,-0.003,0.50
zstd_seed1,none,5406583005,5293501,1703949,66367,66361,0,0,0,67394,43696,0,146736,54540,54540,54540,0,58862,20200,175960,4702535,53255,20200,53255,20200,0,0,1.020,56.940,0,0,0,0,0,0,0,0,0,0,0,0,0,0,0,0,0,0,0,0.000,0.000,0.000,,0.000,0.000,0.000,0.000,0.000,0.000,yes,16.587,-100.000,-14.505,-9.253,0.00
zstd_seed1,naive,5405417838,5293501,1703949,66335,66275,745,0,0,68049,44026,0,147376,54609,54609,54609,0,58928,20195,176165,4705927,53313,20195,53313,20195,0,0,1.020,56.850,1219,220,6642,353,6642,0,961,961,0,5188,5188,961,5188,0,0,0,0,0,0,-0.022,-0.048,-0.130,,0.972,0.127,0.112,0.072,0.109,-0.025,yes,16.562,-98.762,-14.443,-9.151,0.00
zstd_seed1,copper_clpd64k_peb,5402006919,5293531,1703968,66333,66294,401,0,0,67735,43881,0,147070,54561,54561,54561,0,58878,20196,176009,4703047,53267,20196,53267,20196,0,0,1.020,56.840,670,132,7010,323,707,6303,539,539,0,37,37,539,37,0,720,913,0,17737,0,-0.085,-0.051,-0.101,,0.506,0.039,0.027,0.011,0.023,-0.020,yes,16.488,-99.334,-14.496,-9.229,0.00
zstd_seed1,spp,4637394297,5211660,1671334,40825,32471,60197,0,0,91991,51800,0,176526,67114,67114,67114,0,64864,20068,201769,5500359,65853,20068,65853,20068,0,0,1.190,57.290,210510,32148,0,0,0,0,0,0,0,0,0,0,0,0,0,0,0,0,0,-14.227,-38.486,-51.069,,36.497,23.055,10.197,16.966,23.656,-0.653,yes,0.000,0.000,0.000,0.000,0.00
zstd_seed1,spp_copper_slack,4634954406,5211660,1671334,40761,32409,60402,60102,300,92130,51845,0,176655,67123,67123,67123,0,64875,20074,201791,5501063,65858,20074,65858,20074,0,0,1.200,57.030,211096,32225,10110,230,530,9580,421,421,0,35,35,421,35,0,686,855,0,10172,0,-14.272,-38.582,-51.163,,36.704,23.071,10.215,16.981,23.665,-0.624,yes,-0.053,0.341,0.013,0.017,0.50
zlib_tiny,none,6691217085,7274942,2595320,91050,91043,0,0,0,92032,66030,0,182315,57587,57587,57587,0,63931,22005,188185,5011469,56276,22005,56276,22005,0,0,1.020,56.740,0,0,0,0,0,0,0,0,0,0,0,0,0,0,0,0,0,0,0,0.000,0.000,0.000,,0.000,0.000,0.000,0.000,0.000,0.000,yes,9.437,-100.000,-20.997,-15.103,0.00
zlib_tiny,naive,6689378925,7274924,2595316,91027,90972,788,0,0,92734,66369,0,182998,57660,57660,57660,0,64006,22009,188423,5016141,56345,22009,56345,22009,0,0,1.020,56.830,1249,240,8497,349,8497,0,1001,1001,0,7246,7246,1001,7246,0,0,0,0,0,0,-0.027,-0.025,-0.078,,0.763,0.127,0.117,0.093,0.123,0.018,yes,9.407,-99.057,-20.923,-15.003,0.00
zlib_tiny,copper_clpd64k_peb,6687423882,7274942,2595320,91021,90984,466,0,0,92441,66232,0,182705,57622,57622,57622,0,63966,22010,188281,5013389,56301,22010,56301,22010,0,0,1.020,56.760,751,146,8932,322,797,8135,620,620,0,46,46,620,46,0,907,1155,0,17734,0,-0.057,-0.032,-0.065,,0.444,0.061,0.055,0.038,0.044,0.023,yes,9.375,-99.442,-20.967,-15.056,0.00
zlib_tiny,spp,6114223656,7293333,2600073,64397,53970,83574,0,0,137856,93098,0,237800,76987,76987,76987,0,75304,23553,230770,6343373,75539,23553,75539,23553,0,0,1.240,57.000,249837,35566,0,0,0,0,0,0,0,0,0,0,0,0,0,0,0,0,0,-8.623,-29.273,-40.720,,49.791,33.688,17.789,26.577,34.230,7.035,yes,0.000,0.000,0.000,0.000,0.00
zlib_tiny,spp_copper_slack,6114288258,7293858,2600268,64305,53891,83786,83437,349,137993,93181,0,237980,77004,77004,77004,0,75326,23569,230824,6345549,75557,23569,75557,23569,0,0,1.220,56.720,250161,35637,14647,234,590,14057,460,460,0,38,38,460,38,0,872,1117,0,10174,0,-8.622,-29.374,-40.807,,49.940,33.718,17.824,26.621,34.261,7.107,yes,0.001,0.254,0.034,0.029,0.42
zlib_seed1,none,6687965673,7270956,2594545,91013,91006,0,0,0,91994,66001,0,182259,57572,57572,57572,0,63919,22007,188147,5010317,56256,22007,56256,22007,0,0,1.020,56.780,0,0,0,0,0,0,0,0,0,0,0,0,0,0,0,0,0,0,0,0.000,0.000,0.000,,0.000,0.000,0.000,0.000,0.000,0.000,yes,9.384,-100.000,-21.006,-15.111,0.00
zlib_seed1,naive,6687205101,7270956,2594545,90996,90941,791,0,0,92710,66349,0,182975,57649,57649,57649,0,64003,22013,188404,5015565,56332,22013,56332,22013,0,0,1.020,56.900,1252,240,8615,350,8615,0,1004,1004,0,7361,7361,1004,7361,0,0,0,0,0,0,-0.011,-0.019,-0.071,,0.778,0.134,0.131,0.105,0.135,0.027,yes,9.371,-99.051,-20.923,-14.999,0.00
zlib_seed1,copper_clpd64k_peb,6690147822,7270956,2594545,90994,90957,465,0,0,92410,66207,0,182688,57604,57604,57604,0,63959,22016,188254,5012941,56288,22016,56288,22016,0,0,1.020,56.850,750,146,9055,323,798,8257,619,619,0,48,48,619,48,0,905,1152,0,17734,0,0.033,-0.021,-0.054,,0.452,0.056,0.063,0.052,0.057,0.041,yes,9.419,-99.442,-20.965,-15.058,0.00
zlib_seed1,spp,6114223656,7289405,2599320,64335,53869,83356,0,0,137551,92752,0,237488,76977,76977,76977,0,75297,23547,230739,6342669,75534,23547,75534,23547,0,0,1.240,56.930,249584,35495,0,0,0,0,0,0,0,0,0,0,0,0,0,0,0,0,0,-8.579,-29.312,-40.807,,49.522,33.706,17.801,26.592,34.268,6.998,yes,0.000,0.000,0.000,0.000,0.00
zlib_seed1,spp_copper_slack,6114214665,7289930,2599515,64130,53789,83562,83209,353,137673,92816,0,237653,77001,77001,77001,0,75327,23565,230823,6345933,75567,23565,75567,23565,0,0,1.230,57.210,250023,35685,14853,234,592,14261,458,458,0,37,37,458,37,0,877,1134,0,10174,0,-8.579,-29.538,-40.895,,49.654,33.747,17.848,26.657,34.327,7.080,yes,-0.000,0.247,0.051,0.040,0.42
ossltlstcp_process_scale2,none,17672403906,31092924,10024500,258108,258088,0,0,0,258965,133052,0,1039482,190464,190464,190464,0,195869,60239,588866,15656455,184368,60239,184368,60239,0,0,1.030,56.740,0,0,0,0,0,0,0,0,0,0,0,0,0,0,0,0,0,0,0,0.000,0.000,0.000,,0.000,0.000,0.000,0.000,0.000,0.000,yes,12.808,-100.000,-18.765,-18.452,0.00
ossltlstcp_process_scale2,naive,17630520498,31084894,10019812,255644,250827,12599,0,0,264323,134472,0,1044278,190540,190540,190540,0,196212,60232,589615,15668935,184570,60232,184570,60232,0,0,1.040,56.810,15809,3446,39689,2256,39689,0,5199,5199,0,23880,23880,5199,23880,0,0,0,0,0,0,-0.237,-0.955,-2.813,,2.069,0.040,0.175,0.080,0.110,-0.012,yes,12.541,-94.783,-18.700,-18.309,0.00
ossltlstcp_process_scale2,copper_clpd64k_peb,17602881165,31002161,9987952,254936,250616,10836,0,0,262463,133828,0,1039469,190150,190150,190150,0,195833,60224,588348,15643079,184174,60224,184174,60224,0,0,1.030,56.830,14551,3413,50313,2066,14936,35377,4688,4688,0,385,385,4688,385,0,8078,20245,0,0,0,-0.393,-1.229,-2.895,,1.351,-0.165,-0.018,-0.085,-0.105,-0.025,yes,12.364,-95.513,-18.835,-18.467,0.00
ossltlstcp_process_scale2,spp,15665880105,29927043,9557168,163330,139027,241506,0,0,380302,157361,0,1133106,245274,245274,245274,0,240188,61452,731913,19273092,239665,61452,239665,61452,0,0,1.220,56.750,709759,113755,0,0,0,0,0,0,0,0,0,0,0,0,0,0,0,0,0,-11.354,-36.720,-46.132,,46.855,28.777,22.627,23.100,29.993,2.014,yes,0.000,0.000,0.000,0.000,0.00
ossltlstcp_process_scale2,spp_copper_slack,15647120883,29894225,9544237,163345,137944,244337,239797,4540,382016,158261,0,1133084,244980,244980,244980,0,239815,61472,730950,19253828,239344,61472,239344,61472,0,0,1.210,56.820,715847,113965,74109,1520,11221,62888,3162,3162,0,364,364,3162,364,0,7891,20698,0,0,0,-11.460,-36.714,-46.552,,47.516,28.623,22.436,22.977,29.819,2.047,yes,-0.120,1.172,-0.100,-0.155,1.86
ossltlstcp_process_scale3,none,31539975120,54768776,18856290,489192,489157,0,0,0,490530,252372,0,2000823,365124,365124,365124,0,368584,107122,1114645,29447688,352973,107122,352973,107122,0,0,1.030,56.680,0,0,0,0,0,0,0,0,0,0,0,0,0,0,0,0,0,0,0,0.000,0.000,0.000,,0.000,0.000,0.000,0.000,0.000,0.000,yes,14.629,-100.000,-20.589,-21.541,0.00
ossltlstcp_process_scale3,naive,31419564318,54634883,18806583,485515,476025,25178,0,0,502485,255569,0,2009376,367878,367878,367878,0,370647,107228,1121841,29610763,355415,107228,355415,107228,0,0,1.040,56.730,31177,6845,71154,4242,71154,0,10249,10249,0,39977,39977,10249,39977,0,0,0,0,0,0,-0.382,-0.752,-2.685,,2.437,0.754,0.560,0.554,0.692,0.099,yes,14.192,-95.126,-20.149,-21.102,0.00
ossltlstcp_process_scale3,copper_clpd64k_peb,31371553044,54466212,18742985,481765,473150,21935,0,0,496052,253948,0,1996931,366943,366943,366943,0,369578,107792,1119252,29583947,354432,107792,354432,107792,0,0,1.040,56.800,29195,6855,92106,3861,29905,62201,9496,9496,0,710,710,9496,710,0,17548,42846,0,0,0,-0.534,-1.518,-3.272,,1.126,0.498,0.270,0.463,0.413,0.625,yes,14.017,-95.754,-20.222,-21.330,0.00
ossltlstcp_process_scale3,spp,27514734723,51952386,17732592,294257,250446,516579,0,0,765517,302942,0,2194862,480897,480897,480897,0,469782,109744,1432747,37082699,469648,109744,469648,109744,0,0,1.270,56.880,1484756,233020,0,0,0,0,0,0,0,0,0,0,0,0,0,0,0,0,0,-12.762,-39.848,-48.800,,56.059,31.708,27.456,25.927,33.055,2.448,yes,0.000,0.000,0.000,0.000,0.00
ossltlstcp_process_scale3,spp_copper_slack,27512517276,51913605,17716487,294099,248856,514915,507176,7739,762429,302456,0,2190341,478734,478734,478734,0,467628,109565,1426127,36924939,467362,109565,467362,109565,0,0,1.270,56.840,1487927,232460,148024,2539,21449,126575,6092,6092,0,591,591,6092,591,0,16846,43434,0,0,0,-12.769,-39.881,-49.126,,55.430,31.115,26.871,25.392,32.407,2.281,yes,-0.008,-0.322,-0.425,-0.459,1.50
